{
    "ROUGE-1": 58.13360323886641,
    "ROUGE-2": 39.824561403508774,
    "ROUGE-L": 52.53441295546559,
    "BERTScore-F1": 79.12002205848694,
    "Estimated Accuracy": 93.10717702114631
}